<?xml version="1.0" encoding="UTF-8"?>
<features>
    <!--whether the device is pad-->
    <bool name="is_pad">false</bool>
    <!--whether the device is xiaomi-->
    <bool name="is_xiaomi">false</bool>
    <!--whether the device is hongmi-->
    <bool name="is_hongmi">true</bool>
    <!--whether the device support alpha optimized-->
    <bool name="support_alpha_optimized">true</bool>
    <!--whether the device supports torch-->
    <bool name="support_torch">true</bool>
    
    <!--whether the device has dual systems-->
    <bool name="is_dual_system">false</bool>
    <!--whether the device has dual sd card-->
    <bool name="support_dual_sd_card">true</bool>
    
    <!--whether the device supports record param CHANGED-->
    <bool name="support_record_param">true</bool>
    <!--whether the device supports interview record param-->
    <bool name="support_interview_record_param">true</bool>
    <!--whether the device supports stereo record-->
    <bool name="support_stereo_record">true</bool>
   
    <!--whether the device supports emulated storage-->
    <bool name="support_emulated_storage">true</bool>
    <!--whether the device supports internal sdcard-->
    <bool name="support_internal_sdcard">false</bool>
    
    <!--whether the device supports cit-->
    <bool name="support_cit">true</bool>
    <!--whether the device is xiaomi-->
    <bool name="is_xiaomi_device">true</bool>
    
    <!--whether support burst shoot in camera-->
    <bool name="support_camera_burst_shoot">true</bool>
    <!--whether support burst shoot denoise in camera-->
    <bool name="support_camera_burst_shoot_denoise">true</bool>
    <!--whether support solid recording in camera-->
    <bool name="support_camera_movie_solid">true</bool>
    <!--whether support shader effect in camera-->
    <bool name="support_camera_shader_effect">true</bool>
    <!-- whether camera support India special filter -->
    <bool name="camera_support_india_filter">true</bool>
    <!--whether support skin beauty in camera-->
    <bool name="support_camera_skin_beauty">true</bool>
    <!--whether support age detection in camera-->
    <bool name="support_camera_age_detection">true</bool>
    <!--whether support record location in camera-->
    <bool name="support_camera_record_location">true</bool>
    <!--whether support time watermark in camera-->
    <bool name="support_camera_water_mark">true</bool>
    <!--whether support new style time watermark in camera-->
    <bool name="support_camera_new_style_time_water_mark">true</bool>
    <!--whether support face info watermark in camera-->
    <bool name="support_camera_face_info_water_mark">true</bool>
    <!--whether support pause recording in camera-->
    <bool name="support_camera_video_pause">true</bool>
    <!--whether support boosting screen brightness in camera CHANGED-->
    <bool name="support_camera_boost_brightness">false</bool>
    <!--whether taking lower size panorama in camera CHANGED-->
    <bool name="is_lower_size_panorama">false</bool>
    <!--whether taking lower size effect image in camera-->
    <bool name="is_lower_size_effect">false</bool>
    
    <!--whether support aohdr in camera CHANGED-->
    <bool name="support_camera_aohdr">true</bool>
    <!--whether support high frame recording in camera-->
    <bool name="support_camera_hfr">true</bool>
    <!--whether support chroma flash in camera-->
    <bool name="support_chroma_flash">false</bool>
    <!--whether support object tracking in camera CHANGED-->
    <bool name="support_object_track">true</bool>
    <!--whether support 4k recording in camera CHANGED-->
    <bool name="support_camera_4k_quality">true</bool>
    <!--whether support audio focus recording in camera -->
    <bool name="support_camera_audio_focus">false</bool>
    <!--whether use morpho lib in camera-->
    <bool name="is_camera_use_morpho_lib">true</bool>
    <!--whether replace a lower cost effect to avoid preview lag-->
    <bool name="is_camera_replace_higher_cost_effect">false</bool>
    <!--whether support manual focus/exposure_time in camera CHANGED-->
    <bool name="support_camera_manual_function">true</bool>
    <!--whether capture when user press down the shutter in camera instead of left the shutter-->
    <bool name="support_camera_press_down_capture">true</bool>
    <!--whether support capture in torch mode in camera CHANGED-->
    <bool name="support_camera_torch_capture">true</bool>
    <!--whether freeze preview after hdr capture in camera-->
    <bool name="is_camera_freeze_after_hdr_capture">false</bool>
    <!--whether set orientation info for face detection in camera-->
    <bool name="is_camera_face_detection_need_orientation">false</bool>
    <!--whether hold blured background for effects preview in camera-->
    <bool name="is_camera_hold_blur_background">true</bool>
    <!--whether support peaking mf in camera CHANGED-->
    <bool name="support_camera_peaking_mf">true</bool>
    <!--whether support gradienter in camera-->
    <bool name="support_camera_gradienter">true</bool>
    <!--whether scan qrcode with lower frequency in camera-->
    <bool name="is_camera_lower_qrscan_frequency">true</bool>
    <!--whether listen frame with single subthread looper in camera-->
    <bool name="is_camera_preview_with_subthread_looper">true</bool>
    <!--whether add watermark in camera app-->
    <bool name="is_camera_app_water_mark">true</bool>
    <!--whether support tiltshift in camera-->
    <bool name="support_camera_tilt_shift">true</bool>
    <!--whether support snap with screen off in camera-->
    <bool name="support_camera_quick_snap">false</bool>
    
    <!--the vendor feature, it's value may be qcom,mediatek,leadcore or nvidia-->
    <string name="vendor">qcom</string>
    <!--release time for the device, should be an unix timestamp-->
    <!--string name="release_time">1470758400000</string-->
    <!--0:not support 1:close gamut 2:close ce-->
    <!--integer name="screen_standard_mode">2</integer-->
    <!--Flag of reduce preview size in camera(1:reduce, 0:do not reduce; 1st byte:rear camera, 2nd byte:front camera, 3rd byte:rear video, 4th byte:front video )-->
    <integer name="camera_reduce_preview_flag">14</integer>
    <!--max number of burst images one time CHANGED-->
    <integer name="burst_shoot_count">100</integer>
    <!--support front flash or not-->
    <bool name="support_front_flash">true</bool>
    <!--b0:flash b1:hdr b2:motion b3:night-->
    <integer name="camera_supported_asd">11</integer>
    <!--front asd b0:flash b1:hdr b2:motion b3:night CHANGED FRO 10-->
    <integer name="camera_supported_front_asd">11</integer>
    <!-- front hht enhance-->
    <bool name="support_front_hht_enhance">true</bool>
    <!--whether front sensor support remosic-->
    <bool name="is_front_remosic_sensor">true</bool>
    <!--max cpu freq of the device-->
    <!--integer name="cpu_max_freq">200</integer-->
    <!--total steps number of camera compensation-->
    <float name="camera_exposure_compensation_steps_num">12.0</float>
    <!--Left margin of count down parent layout for front camera-->
    <float name="camera_front_count_down_margin">0.3177</float>
    <!--When these apps access camera, force use higher size -->
    <string-array name="remove_lower_perview_size_list">
        <item>com.tencent.mm</item>
    </string-array>
    <!--camera continuous shot callback class name-->
    <string name="camera_continuous_shot_callback_class">ContinuousShotCallback</string>
    <!--camera continuous shot callback setter method name-->
    <string name="camera_continuous_shot_callback_setter">setContinuousShotCallback</string>
    
    <!-- whether camera support AI lens entry -->
    <bool name="camera_support_ai_lens">true</bool>
    
    <!--whether taking 18x9 ratio screen in camera-->
    <bool name="is_18x9_ratio_screen">true</bool>
    <!--whether support portrait in camera-->
    <bool name="is_support_portrait">true</bool>
    <!--whether taking legacy face beauty in camera-->
    <bool name="is_legacy_face_beauty">false</bool>
    <!--whether front camera support hdr or not-->
    <bool name="support_front_hdr">true</bool>
　　<!--whether front camera support hht or not-->
    <bool name="support_front_hht">true</bool>
    <!--whether front camera support bokeh or not-->
　  <bool name="support_front_bokeh">true</bool>
    <!--whether support auto mirror in camera CHANGED-->
    <bool name="support_auto_mirror">true</bool>
    <!--whether support enhance beauty with hht-->
    <bool name="enhance_beauty_with_hht">true</bool>
    <!--whether support add watermark on bottom left of picture-->
    <bool name="support_picture_watermark">true</bool>
    <!--whether need video stabilizatiion crop-->
    <bool name="need_video_stabilization_crop">true</bool>
    <!--disable video stabilization in speed slow mode CHANGED-->
    <bool name="disable_video_stabilization_in_speed_slow_mode">false</bool>
    <!--whether add algorithm in file name or not-->
    <bool name="enable_algorithm_in_file_suffix">false</bool>
    <!--whether enable face detection in video and funmode or not-->
    <bool name="support_camera_video_face_detection">true</bool>
    <!-- Camera HDR default value -->
    <integer name="support_camera_hdr_default_value">5</integer>
    <integer name="support_camera_front_hdr_default_value">3</integer>
    <!--whether camera support portrait mode switch -->
    <bool name="camera_is_support_portrait_switch">true</bool>
    <!--whether process clcc in hfp pending state CHANGED-->
    <bool name="process_clcc_in_pending_state">true</bool>
<!--ADDED-->
    <!--whether support groupshot mode  in camera -->
    <bool name="support_camera_groupshot">true</bool>
    <!-- We use this to remove finger print capture of Camera -->
    <bool name="front_fingerprint_sensor">true</bool>
    <!--whether support ai scene in camera -->
    <bool name="camera_supported_ai_scene">true</bool>
    <!--whether support optical zoom in camera-->
    <bool name="is_support_optical_zoom">false</bool>
    <!--whether support magic mirror in camera-->
    <bool name="support_camera_magic_mirror">true</bool>
    <!--whether support full size panorama in camera-->
    <bool name="support_full_size_panorama">true</bool>
    <!--whether taking full size effect image in camera-->
    <bool name="is_full_size_effect">true</bool>
    <!-- whether camera vice back sensor is remoasic -->
    <bool name="is_vice_back_remoasic_camera">false</bool>
    <!--whether support square mode in camera-->
    <bool name="support_camera_square_mode">true</bool>
    <!--whether support camera video high frame-->
    <bool name="support_camera_video_high_frame">true</bool>
    <!--whether support camera super resolution-->
    <bool name="support_super_resolution">true</bool>
    <!--whether support tele asd night in camera-->
    <bool name="is_support_tele_asd_night">true</bool>
    <!-- whether camera supports paralell process -->
    <bool name="support_parallel_process">true</bool>
    <!-- whether this device is Android one -->
    <bool name="is_android_one_device">false</bool>
</features>
